title,type,text,image,file_url,file_name,video_url,video_name
TestPost1,generic,This is a generic post with an image,https://www.pokemon.com/static-assets/content-assets/cms2/img/pokedex/full/486.png,,,,
TestPost2,generic,This is a generic post without an image,,,,,
TestPost3,generic,"This is a generic post that has a lot of text.
                    This is a generic post that has a lot of text.
                    This is a generic post that has a lot of text.
                    This is a generic post that has a lot of text.
                    This is a generic post that has a lot of text.
                    This is a generic post that has a lot of text.
                    This is a generic post that has a lot of text.
                    This is a generic post that has a lot of text.
                    This is a generic post that has a lot of text.
                    This is a generic post that has a lot of text.
                    This is a generic post that has a lot of text.
                    This is a generic post that has a lot of text.
                    This is a generic post that has a lot of text.
                    This is a generic post that has a lot of text.
                    This is a generic post that has a lot of text.
                    This is a generic post that has a lot of text.
                    This is a generic post that has a lot of text.
                    This is a generic post that has a lot of text.
                    This is a generic post that has a lot of text.
                    This is a generic post that has a lot of text.
                    This is a generic post that has a lot of text.
                    This is a generic post that has a lot of text.
                    This is a generic post that has a lot of text.
                    This is a generic post that has a lot of text.",,,,,
TestPost4,attachment,Download sample pdf 1 here!,,https://ontheline.trincoll.edu/images/bookdown/sample-local-pdf.pdf,Sample PDF 1,,
TestPost5,attachment,Download sample pdf 2 here!,,https://pdfobject.com/pdf/sample.pdf,Sample PDF 2,,
TestPost6,video,Watch video 1 here!,,,,https://www.youtube.com/watch?v=hxooaOBJUjs,Pokemon Theme Songs: Kanto
TestPost7,video,Watch video 2 here!,,,,https://www.youtube.com/watch?v=w7XdPcOz_4w,Pokemon Theme Songs: Johto